{"cameraMode":{"drawMode":0,"name":"Shaded","section":"Shading Mode"},"sceneLighting":true,"audioPlay":false,"sceneViewState":{"m_AlwaysRefresh":false,"showFog":true,"showSkybox":true,"showFlares":true,"showImageEffects":true,"showParticleSystems":true,"showVisualEffectGraphs":true,"m_FxEnabled":true},"in2DMode":false,"pivot":{"x":0.2475515753030777,"y":3.3066816329956056,"z":-5.450766563415527},"rotation":{"x":0.06445189565420151,"y":-0.012859780341386795,"z":0.0008643356268294156,"w":0.9978731274604797},"size":2.636035919189453,"orthographic":false}